<code_scheme name="Default" version="173">
  <PHPCodeStyleSettings>
    <option name="ALIGN_PHPDOC_PARAM_NAMES" value="true" />
    <option name="ALIGN_PHPDOC_COMMENTS" value="true" />
    <option name="COMMA_AFTER_LAST_ARRAY_ELEMENT" value="true" />
    <option name="PHPDOC_BLANK_LINE_BEFORE_TAGS" value="true" />
    <option name="PHPDOC_BLANK_LINES_AROUND_PARAMETERS" value="true" />
    <option name="PHPDOC_WRAP_LONG_LINES" value="true" />
    <option name="LOWER_CASE_BOOLEAN_CONST" value="true" />
    <option name="LOWER_CASE_NULL_CONST" value="true" />
    <option name="ELSE_IF_STYLE" value="SEPARATE" />
    <option name="VARIABLE_NAMING_STYLE" value="CAMEL_CASE" />
    <option name="FORCE_SHORT_DECLARATION_ARRAY_STYLE" value="true" />
  </PHPCodeStyleSettings>
  <codeStyleSettings language="PHP">
    <indentOptions>
      <option name="USE_TAB_CHARACTER" value="true" />
      <option name="SMART_TABS" value="true" />
    </indentOptions>
  </codeStyleSettings>
</code_scheme>